{"cameraMode":{"drawMode":0,"name":"Shaded","section":"Shading Mode"},"sceneLighting":false,"audioPlay":false,"sceneViewState":{"m_AlwaysRefresh":false,"showFog":true,"showSkybox":false,"showFlares":true,"showImageEffects":true,"showParticleSystems":true,"showVisualEffectGraphs":true,"m_FxEnabled":true},"in2DMode":false,"pivot":{"x":0.00016866624355316162,"y":0.2752610445022583,"z":-0.000050591304898262024},"rotation":{"x":0.029210897162556649,"y":0.9695641398429871,"z":-0.14535468816757203,"w":0.19482479989528657},"size":0.8406406044960022,"orthographic":false}