{"cameraMode":{"drawMode":0,"name":"Shaded","section":"Shading Mode"},"sceneLighting":false,"audioPlay":false,"sceneViewState":{"m_AlwaysRefresh":false,"showFog":true,"showSkybox":false,"showFlares":true,"showImageEffects":true,"showParticleSystems":true,"showVisualEffectGraphs":true,"m_FxEnabled":true},"in2DMode":false,"pivot":{"x":-0.02097047120332718,"y":-0.0066392868757247929,"z":-0.11152665317058563},"rotation":{"x":-0.17553137242794038,"y":-0.09608429670333862,"z":0.01716383546590805,"w":-0.979530394077301},"size":0.22772236168384553,"orthographic":false}